,0
0,0.16316347
1,0.40298045
2,0.1631056
3,0.28285167
4,0.49372697
5,0.24742934
6,0.08873372
7,0.13898547
8,0.11574353
9,0.35167035
10,0.14273703
11,0.5569664
12,0.08998509
13,0.13651127
14,0.6299478
15,0.21686094
16,0.0745568
17,0.20031501
18,0.30635378
19,0.10682449
20,0.10956445
21,0.28692257
22,0.15704514
23,0.068943076
24,0.505339
25,0.24875566
26,0.40740407
27,0.11099521
28,0.095641024
29,0.22060668
30,0.20661588
31,0.11154513
32,0.2604014
33,0.20441674
34,0.31582743
35,0.06295895
36,0.111104615
37,0.08656614
38,0.20729257
39,0.12961692
40,0.14767066
41,0.25612187
42,0.065877676
43,0.13609451
44,0.4116803
45,0.12720335
46,0.13829651
47,0.12695792
48,0.10528005
49,0.086804956
50,0.050200514
51,0.099172965
52,0.07888525
53,0.3177515
54,0.20676452
55,0.10920022
56,0.24278319
57,0.16916844
58,0.05679727
59,0.07351761
60,0.08900188
61,0.102177255
62,0.24704352
63,0.2953715
64,0.06061938
65,0.29175752
66,0.35058165
67,0.1433245
68,0.057896875
69,0.17666551
70,0.27678633
71,0.073904574
72,0.1072157
73,0.52609795
74,0.12777872
75,0.0745398
76,0.15242079
77,0.116824806
78,0.19509634
79,0.17583899
80,0.120061465
81,0.38998294
82,0.118044265
83,0.08650589
84,0.23453584
85,0.33521992
86,0.047950856
87,0.2351083
88,0.1596549
89,0.11296686
90,0.07334155
91,0.28695926
92,0.4406648
93,0.139043
94,0.23555373
95,0.14191064
96,0.061188724
97,0.07481957
98,0.12654035
99,0.15248543
100,0.2136814
101,0.13551384
102,0.1318067
103,0.2489065
104,0.18702184
105,0.15974793
106,0.5322016
107,0.12995678
108,0.09564101
109,0.092892416
110,0.329418
111,0.07097312
112,0.11062677
113,0.33671433
114,0.33601835
115,0.15232238
116,0.363723
117,0.08967792
118,0.09212277
119,0.19537584
120,0.07862853
121,0.12488593
122,0.19139585
123,0.21628512
124,0.12612954
125,0.11718609
126,0.29254743
127,0.0825026
128,0.13643281
129,0.3999443
130,0.09531313
131,0.21993317
132,0.16609858
133,0.1014044
134,0.060809392
135,0.43158877
136,0.11845979
137,0.08610622
138,0.118053705
139,0.3709028
140,0.17184831
141,0.12049205
142,0.21720324
143,0.16949514
144,0.29720566
145,0.118090965
146,0.18572912
147,0.27765647
148,0.22697595
149,0.10755681
150,0.12501913
151,0.14550978
152,0.20066139
153,0.064542644
154,0.2538402
155,0.0696056
156,0.07193913
157,0.16321076
158,0.0532758
159,0.44701144
160,0.31266713
161,0.09070835
162,0.09382385
163,0.17852634
164,0.09666992
165,0.07686467
166,0.29023093
167,0.10200828
168,0.09182512
169,0.10702353
170,0.12097104
171,0.07312659
172,0.08209103
173,0.0887958
174,0.055271063
175,0.18474229
176,0.16119334
177,0.054133467
178,0.11979972
179,0.44892928
180,0.077024594
181,0.112142704
182,0.35340336
183,0.2787585
184,0.23981759
185,0.12641145
186,0.12612706
187,0.29106477
188,0.119498566
189,0.10320824
190,0.09742817
191,0.31411496
192,0.1695477
193,0.6037176
194,0.34906387
195,0.1126111
196,0.11028177
197,0.23809151
198,0.292394
199,0.099213265
200,0.121170856
201,0.09378036
202,0.12391064
203,0.10207872
204,0.08909633
205,0.41431585
206,0.15716986
207,0.19962709
208,0.20513596
209,0.17247109
210,0.22211207
211,0.13744216
212,0.20429644
213,0.12968239
214,0.085698575
215,0.27297783
216,0.08014176
217,0.14042276
218,0.08160495
219,0.08146978
220,0.22510591
221,0.20426355
222,0.06484382
223,0.14476928
224,0.1385453
225,0.09602615
226,0.182485
227,0.1407082
228,0.096962556
229,0.10039693
230,0.10297824
231,0.15898326
232,0.14357826
233,0.065726295
234,0.12370144
235,0.09588258
236,0.5660375
237,0.106413804
238,0.16858716
239,0.06937211
240,0.13099246
241,0.12312271
242,0.1405989
243,0.21575637
244,0.106415816
245,0.10708621
246,0.049377024
247,0.22538723
248,0.09293579
249,0.06901177
250,0.08467264
251,0.4238496
252,0.11058516
253,0.34353557
254,0.24286726
255,0.068746276
256,0.6985842
257,0.14567217
258,0.10329194
259,0.050481886
260,0.26317427
261,0.12630375
262,0.4182581
263,0.5615192
264,0.1951835
265,0.11035954
266,0.18705912
267,0.21627945
268,0.10365158
269,0.44825557
270,0.43390477
271,0.6900584
272,0.09286849
273,0.09685703
274,0.15498516
275,0.10575148
276,0.114307545
277,0.21209335
278,0.10333616
279,0.15010503
280,0.09545469
281,0.15178064
282,0.15578167
283,0.17071214
284,0.08522219
285,0.072427705
286,0.11650003
287,0.64997405
288,0.12537612
289,0.14699402
290,0.2040486
291,0.10037086
292,0.075552545
293,0.11077839
294,0.08765701
295,0.24597842
296,0.44252658
297,0.1343947
298,0.46173573
299,0.10661915
300,0.075830705
301,0.10679641
302,0.171517
303,0.051428445
304,0.21222064
305,0.75407577
306,0.1005198
307,0.2507252
308,0.32056862
309,0.1011873
310,0.0845069
311,0.29710168
312,0.25266576
313,0.16951576
314,0.05592092
315,0.14703366
316,0.18409812
317,0.179523
318,0.13185295
319,0.17139685
320,0.11695047
321,0.18352997
322,0.25595096
323,0.093031675
324,0.5200079
325,0.18341607
326,0.15888332
327,0.11285882
328,0.15264052
329,0.1467884
330,0.103781514
331,0.13463931
332,0.44026622
333,0.26949745
334,0.08590088
335,0.15817997
336,0.21185532
337,0.14282244
338,0.062906094
339,0.25480643
340,0.26847094
341,0.35475403
342,0.0387759
343,0.06336501
344,0.12827496
345,0.07762759
346,0.29977128
347,0.50667596
348,0.5729789
349,0.14159936
350,0.08294477
351,0.101393834
352,0.07553658
353,0.17484708
354,0.14416537
355,0.14264683
356,0.4915701
357,0.10664334
358,0.36166883
359,0.18174645
360,0.11397387
361,0.15095657
362,0.03770202
363,0.17318052
364,0.21296808
365,0.07107905
366,0.13023657
367,0.15653016
368,0.25932658
369,0.07582962
370,0.10155796
371,0.17659998
372,0.15570344
373,0.48498008
374,0.14375338
375,0.16576435
376,0.16455683
377,0.16045958
378,0.09805979
379,0.29161558
380,0.20703726
381,0.157402
382,0.22208601
383,0.15876025
384,0.09333885
385,0.25964105
386,0.22021094
387,0.104474805
388,0.23137365
389,0.060570024
390,0.0824556
391,0.22891146
392,0.25060743
393,0.078930914
394,0.28543153
395,0.087256424
396,0.1309983
397,0.12946573
398,0.18074626
399,0.1950076
400,0.20431264
401,0.108061396
402,0.11717619
403,0.3824277
404,0.06591008
405,0.11164639
406,0.05143831
407,0.057541955
408,0.2797716
409,0.11417623
410,0.07168675
411,0.21773888
412,0.07989782
413,0.25160137
414,0.24128637
415,0.15829657
416,0.07535246
417,0.10516368
418,0.4307495
419,0.06913344
420,0.10976626
421,0.07992272
422,0.12924008
423,0.11722259
424,0.20493469
425,0.33768967
426,0.100635186
427,0.07384119
428,0.10211652
429,0.14709318
430,0.25317174
431,0.12823778
432,0.08445903
433,0.18210937
434,0.085925
435,0.15312253
436,0.21116072
437,0.14323443
438,0.12696683
439,0.14025366
440,0.13288072
441,0.25466877
442,0.08175393
443,0.07827778
444,0.088682614
445,0.09022708
446,0.06327036
447,0.4793788
448,0.1924454
449,0.31875083
450,0.14931452
451,0.051446486
452,0.10033788
453,0.1259239
454,0.5335239
455,0.08935036
456,0.11150756
457,0.115219675
458,0.47083932
459,0.26622447
460,0.5732318
461,0.08421728
462,0.16210496
463,0.30367243
464,0.3599748
465,0.28187844
466,0.07842109
467,0.15138014
468,0.12708543
469,0.07640742
470,0.110393725
471,0.36414844
472,0.30241787
473,0.14857137
474,0.09518246
475,0.083170325
476,0.07507229
477,0.07604646
478,0.3182142
479,0.12324693
480,0.117426224
481,0.11979016
482,0.62190723
483,0.17723876
484,0.12886062
485,0.13313192
486,0.1244986
487,0.12123135
488,0.12742326
489,0.1442477
490,0.080103114
491,0.16108452
492,0.11009947
493,0.13024427
494,0.18030803
495,0.10814992
496,0.06919222
497,0.6941738
498,0.10865862
499,0.4427192
500,0.119113564
501,0.2741716
502,0.12807432
503,0.098746784
504,0.10089759
505,0.101729736
506,0.103447504
507,0.16344203
508,0.066949494
509,0.079194136
510,0.23374584
511,0.16510016
512,0.12976074
513,0.13710055
514,0.101457566
515,0.3098572
516,0.10930479
517,0.20358232
518,0.24212417
519,0.13023882
520,0.10026832
521,0.13109353
522,0.12470424
523,0.1333695
524,0.19624548
525,0.347758
526,0.17235862
527,0.5492661
528,0.18012835
529,0.16954005
530,0.07113847
531,0.12670283
532,0.10996791
533,0.29602414
534,0.08033573
535,0.08952844
536,0.13012613
537,0.34300432
538,0.12970221
539,0.08231082
540,0.083639994
541,0.25595745
542,0.14605235
543,0.15420128
544,0.22079174
545,0.17528413
546,0.27401066
547,0.10909883
548,0.6491806
549,0.12878844
550,0.4530353
551,0.12834683
552,0.14872588
553,0.123184875
554,0.22354558
555,0.10008704
556,0.20828156
557,0.25935158
558,0.54278857
559,0.45762816
560,0.10976081
561,0.09932246
562,0.5104048
563,0.459913
564,0.118956976
565,0.12607324
566,0.2143238
567,0.107544616
568,0.09740744
569,0.37543786
570,0.4139381
571,0.1996995
572,0.38052928
573,0.094953835
574,0.25058794
575,0.08492516
576,0.2930401
577,0.07696659
578,0.30293745
579,0.37198374
580,0.17509001
581,0.30920753
582,0.38796481
583,0.1395882
584,0.10227389
585,0.19722942
586,0.46403605
587,0.06985259
588,0.12677765
589,0.24618205
590,0.053559586
591,0.09538384
592,0.19193381
593,0.25181708
594,0.31866384
595,0.10561291
596,0.15670557
597,0.17197001
598,0.09664305
599,0.18954507
600,0.29128763
601,0.48015338
602,0.101831995
603,0.11226709
604,0.042643864
605,0.21675044
606,0.26719552
607,0.17542939
608,0.0632966
609,0.14129257
610,0.11357498
611,0.05387822
612,0.09696759
613,0.084209315
614,0.14496548
615,0.50824845
616,0.0657822
617,0.1209255
618,0.09521733
619,0.17581975
620,0.11064453
621,0.18268359
622,0.084318265
623,0.17668307
624,0.38861752
625,0.095619954
626,0.051739044
627,0.050316125
628,0.12758671
629,0.29022786
630,0.1150562
631,0.08132702
632,0.13526772
633,0.16065422
634,0.13517283
635,0.17191662
636,0.14881362
637,0.05364926
638,0.14749408
639,0.0951709
640,0.14941177
641,0.15944044
642,0.12536052
643,0.098398656
644,0.09286068
645,0.110740826
646,0.079115115
647,0.13721773
648,0.14950155
649,0.1274312
650,0.12989077
651,0.107979156
652,0.11260887
653,0.06505986
654,0.08078517
655,0.17410459
656,0.06148076
657,0.24148996
658,0.036504675
659,0.13955344
660,0.04433281
661,0.15101352
662,0.13038218
663,0.09232457
664,0.14075015
665,0.22660252
666,0.10723387
667,0.12547876
668,0.24720494
669,0.077438675
670,0.119595796
671,0.30579886
672,0.08604234
673,0.081121564
674,0.17482676
675,0.4391923
676,0.27865404
677,0.20539577
678,0.083511785
679,0.083844535
680,0.11458437
681,0.13791533
682,0.18211491
683,0.33779114
684,0.12872824
685,0.14279601
686,0.11434289
687,0.10164088
688,0.21988694
689,0.410466
690,0.13284272
691,0.28077155
692,0.061674047
693,0.12147406
694,0.09712225
695,0.16231881
696,0.079259425
697,0.19547528
698,0.11260887
699,0.09499895
700,0.12546384
701,0.100610316
702,0.124659844
703,0.163545
704,0.107201464
705,0.11893929
706,0.1511694
707,0.05500101
708,0.21667759
709,0.05858536
710,0.18942854
711,0.6091661
712,0.3240202
713,0.08476969
714,0.096591786
715,0.06713062
716,0.11261352
717,0.1336975
718,0.050550833
719,0.15492773
720,0.4837664
721,0.27390364
722,0.09562049
723,0.039149538
724,0.14390542
725,0.12702537
726,0.23954885
727,0.12032031
728,0.14264216
729,0.21424152
730,0.13332404
731,0.18704812
732,0.079019494
733,0.16970405
734,0.3647079
735,0.087109834
736,0.16459157
737,0.18699974
738,0.20510325
739,0.17150116
740,0.24870415
741,0.21280293
742,0.09556822
743,0.44306844
744,0.11844703
745,0.32110682
746,0.13108431
747,0.054015487
748,0.07696647
749,0.259069
750,0.18451077
751,0.3209813
752,0.16002256
753,0.17798023
754,0.3479025
755,0.027686695
756,0.16091752
757,0.09877876
758,0.10390158
759,0.08787969
760,0.19267194
761,0.16167569
762,0.6377282
763,0.14445154
764,0.18300888
765,0.63505673
766,0.124202296
767,0.12884521
768,0.50429523
769,0.16096
770,0.4490904
771,0.15121782
772,0.1080984
773,0.29695275
774,0.36548984
775,0.20713879
776,0.06699388
777,0.0966716
778,0.099775024
779,0.4435611
780,0.08744184
781,0.103405505
782,0.2703902
783,0.2487186
784,0.18337634
785,0.19311589
786,0.17302133
787,0.38207576
788,0.15135081
789,0.21030025
790,0.2589219
791,0.12568484
792,0.0487708
793,0.09396623
794,0.13853794
795,0.37194094
796,0.066455
797,0.10617746
798,0.093464136
799,0.20074274
800,0.17039806
801,0.20076017
802,0.10971171
803,0.10579889
804,0.13608135
805,0.10707978
806,0.11270475
807,0.059956886
808,0.047359493
809,0.16199951
810,0.07720226
811,0.122936696
812,0.10937338
813,0.10972805
814,0.57634145
815,0.117069796
816,0.18256891
817,0.16367726
818,0.124805935
819,0.5551882
820,0.10911314
821,0.107117444
822,0.16683829
823,0.47903335
824,0.09480002
825,0.11511034
826,0.08713879
827,0.4173675
828,0.19121163
829,0.23410763
830,0.16794722
831,0.18087563
832,0.16492271
833,0.1503683
834,0.1782591
835,0.3821366
836,0.16929744
837,0.2734834
838,0.58309764
839,0.50416905
840,0.23911278
841,0.10487657
842,0.16095437
843,0.086533904
844,0.118638396
845,0.54917115
846,0.13809586
847,0.072022684
848,0.10433155
849,0.18601356
850,0.35265633
851,0.056714788
852,0.21726544
853,0.1322717
854,0.16474782
855,0.14828259
856,0.17067958
857,0.13268754
858,0.11536908
859,0.09063387
860,0.09699828
861,0.234062
862,0.08896055
863,0.096116155
864,0.3274696
865,0.11907329
866,0.51917017
867,0.081398346
868,0.06899897
869,0.077205434
870,0.17315629
871,0.06028282
872,0.06459639
873,0.24162374
874,0.1204061
875,0.16028132
876,0.06305418
877,0.15374167
878,0.19291551
879,0.11253396
880,0.13472755
881,0.15720916
882,0.35195604
883,0.081043325
884,0.093338184
885,0.11737318
886,0.37496904
887,0.11459624
888,0.38502452
889,0.10097673
890,0.21977386
891,0.14693458
892,0.17117186
893,0.24911699
894,0.5766752
895,0.058333147
896,0.05874109
897,0.19428779
898,0.12067156
899,0.2592029
900,0.17480254
901,0.15924473
902,0.38453257
903,0.076712355
904,0.18393189
905,0.18000595
906,0.108280405
907,0.10427146
908,0.10269145
909,0.061440688
910,0.14062183
911,0.094191514
912,0.22030084
913,0.13879932
914,0.58203584
915,0.06960425
916,0.14088583
917,0.40494192
918,0.3221287
919,0.16378242
920,0.2953876
921,0.09960251
922,0.29804105
923,0.06790607
924,0.23908263
925,0.13217619
926,0.119658716
927,0.21658555
928,0.53726363
929,0.2633181
930,0.17366055
931,0.11722216
932,0.10469233
933,0.114959076
934,0.1635266
935,0.21718673
936,0.119138196
937,0.16703449
938,0.15799747
939,0.094254695
940,0.39478257
941,0.5971195
942,0.12319751
943,0.08921364
944,0.069081694
945,0.14705198
946,0.102505356
947,0.10662548
948,0.52267635
949,0.3419073
950,0.19953956
951,0.6135681
952,0.09573473
953,0.14482325
954,0.202745
955,0.38956589
956,0.123397246
957,0.12178373
958,0.12007143
959,0.13801934
960,0.104764715
961,0.41021433
962,0.2769312
963,0.18991953
964,0.06654156
965,0.155284
966,0.15561272
967,0.19717616
968,0.27110165
969,0.06737123
970,0.11862282
971,0.15180606
972,0.14637902
973,0.052617993
974,0.10936837
975,0.12930188
976,0.20207451
977,0.11078119
978,0.10043391
979,0.11438053
980,0.27744734
981,0.11762538
982,0.3993054
983,0.23643485
984,0.039764814
985,0.1992524
986,0.10415421
987,0.1267931
988,0.07342644
989,0.16043499
990,0.12151308
991,0.29227602
992,0.116941854
993,0.10614015
994,0.13943484
995,0.06295175
996,0.2907552
997,0.0842259
998,0.103955574
999,0.19905488
1000,0.15617323
1001,0.09269875
1002,0.12209966
1003,0.28092796
1004,0.13519426
1005,0.45075935
1006,0.13109766
1007,0.11521345
1008,0.12920824
1009,0.17100358
1010,0.11628572
1011,0.3756055
1012,0.2760728
1013,0.1657443
1014,0.13247436
1015,0.14862783
1016,0.4972394
1017,0.21162438
1018,0.15941443
1019,0.12917277
1020,0.21769336
1021,0.10984947
1022,0.12474871
1023,0.08145674
1024,0.05823411
1025,0.073653884
1026,0.082020946
1027,0.29834428
1028,0.12771288
1029,0.20386355
1030,0.1477054
1031,0.16714515
1032,0.33170667
1033,0.089093275
1034,0.09323892
1035,0.14118783
1036,0.4187903
1037,0.3849356
1038,0.111130446
1039,0.16318142
1040,0.15520613
1041,0.13777557
1042,0.42295438
1043,0.20408387
1044,0.421733
1045,0.17230338
1046,0.1064273
1047,0.1444541
1048,0.12356071
1049,0.07106885
1050,0.591676
1051,0.16786337
1052,0.080169074
1053,0.12101525
1054,0.15065043
1055,0.39689502
1056,0.4563779
1057,0.16977583
1058,0.22852007
1059,0.1197235
1060,0.25464806
1061,0.15018618
1062,0.060023207
1063,0.3067829
1064,0.09527412
1065,0.25126687
1066,0.13723956
1067,0.15762644
1068,0.15776812
1069,0.12492548
1070,0.23659778
1071,0.048592094
1072,0.09847796
1073,0.24811529
1074,0.32264012
1075,0.1498635
1076,0.13899164
1077,0.17319459
1078,0.08456605
1079,0.4077591
1080,0.30475286
1081,0.1160026
1082,0.23393647
1083,0.10782465
1084,0.35675988
1085,0.18475938
1086,0.4034846
1087,0.115543276
1088,0.07652635
1089,0.08599725
1090,0.14175054
1091,0.13504067
1092,0.21494366
1093,0.09723299
1094,0.51711744
1095,0.118670516
1096,0.17405155
1097,0.08485039
1098,0.5564278
1099,0.09127641
1100,0.28188607
1101,0.063174225
1102,0.08656012
1103,0.0630601
1104,0.38844672
1105,0.121164866
1106,0.3244719
1107,0.09163976
1108,0.41676167
1109,0.08027013
1110,0.09613795
1111,0.17208463
1112,0.12727273
1113,0.40279314
1114,0.1709515
1115,0.08970754
1116,0.17117645
1117,0.060100578
1118,0.5763972
1119,0.3319782
1120,0.15416531
1121,0.17779303
1122,0.1281162
1123,0.14365092
1124,0.10217806
1125,0.1031608
1126,0.44336337
1127,0.20005792
1128,0.18834318
1129,0.30430079
1130,0.20194955
1131,0.107274935
1132,0.21445377
1133,0.15151912
1134,0.04223886
1135,0.20062354
1136,0.10965201
1137,0.33227932
1138,0.14187945
1139,0.054565147
1140,0.12740599
1141,0.36249804
1142,0.11953909
1143,0.41429144
1144,0.059643064
1145,0.15629561
1146,0.30262148
1147,0.0789354
1148,0.4694001
1149,0.2068121
1150,0.094141036
1151,0.04947985
1152,0.19535416
1153,0.1411571
1154,0.0655941
1155,0.12968767
1156,0.10168771
1157,0.46774822
1158,0.15133166
1159,0.13573875
1160,0.20848802
1161,0.37017223
1162,0.24423999
1163,0.43831477
1164,0.14436822
1165,0.096615985
1166,0.22932932
1167,0.105272904
1168,0.11452575
1169,0.38978022
1170,0.32245868
1171,0.11560811
1172,0.053341787
1173,0.101289876
1174,0.18784223
1175,0.17037512
1176,0.114238575
1177,0.099087246
1178,0.08206513
1179,0.2028186
1180,0.12875813
1181,0.36429924
1182,0.12930048
1183,0.063508235
1184,0.14429969
1185,0.12758918
1186,0.18362236
1187,0.4265642
1188,0.07239119
1189,0.30673966
1190,0.118784755
1191,0.10112986
1192,0.17346923
1193,0.2501988
1194,0.10680892
1195,0.33553395
1196,0.113224104
1197,0.15530649
1198,0.10566597
1199,0.12198598
1200,0.60456926
1201,0.07689425
1202,0.11609687
1203,0.18643123
1204,0.13486487
1205,0.11966677
1206,0.36076155
1207,0.25601542
1208,0.18119797
1209,0.06356046
1210,0.18520491
1211,0.10293518
1212,0.3861187
1213,0.12898675
1214,0.17576633
1215,0.17119439
1216,0.1390913
1217,0.08742835
1218,0.2335019
1219,0.085854955
1220,0.1371402
1221,0.15442997
1222,0.13995986
1223,0.3186203
1224,0.19579531
1225,0.124278046
1226,0.21239716
1227,0.10189554
1228,0.10051547
1229,0.23460446
1230,0.26818097
1231,0.06010696
1232,0.14851546
1233,0.1440019
1234,0.13792984
1235,0.10483182
1236,0.10427769
1237,0.108471885
1238,0.16592716
1239,0.21436153
1240,0.4082348
1241,0.09295873
1242,0.1188659
1243,0.13122009
1244,0.20087963
1245,0.5538533
1246,0.06835349
1247,0.19334377
1248,0.1345495
1249,0.28087988
1250,0.18913898
1251,0.28775546
1252,0.30831197
1253,0.13921799
1254,0.25368178
1255,0.10979774
1256,0.09752885
1257,0.20077805
1258,0.17958423
1259,0.3106629
1260,0.07642003
1261,0.60043186
1262,0.38570717
1263,0.20447187
1264,0.089526325
1265,0.26478678
1266,0.09255701
1267,0.111484036
1268,0.49830893
1269,0.11939212
1270,0.18445556
1271,0.114156865
1272,0.15406513
1273,0.3014095
1274,0.14443953
1275,0.1061807
1276,0.49509287
1277,0.18854758
1278,0.1769845
1279,0.10970154
1280,0.13440485
1281,0.22226442
1282,0.07182094
1283,0.08924825
1284,0.105909795
1285,0.11469325
1286,0.29240254
1287,0.21158561
1288,0.18944271
1289,0.31214434
1290,0.104047716
1291,0.2595789
1292,0.28261322
1293,0.093221545
1294,0.4053572
1295,0.07211753
1296,0.18754838
1297,0.085651495
1298,0.14133032
1299,0.104437396
1300,0.14855152
1301,0.16006061
1302,0.42966172
1303,0.06442618
1304,0.1343105
1305,0.21253787
1306,0.08653554
1307,0.159972
1308,0.20718202
1309,0.10973414
1310,0.11669721
1311,0.04946737
1312,0.28432408
1313,0.11574218
1314,0.06439814
1315,0.05611163
1316,0.20232256
1317,0.2861855
1318,0.32512408
1319,0.28856876
1320,0.30517775
1321,0.13322964
1322,0.1017018
1323,0.10171973
1324,0.09846481
1325,0.17283599
1326,0.16775973
1327,0.11787048
1328,0.11066492
1329,0.39245215
1330,0.08056239
1331,0.051833257
1332,0.11561044
1333,0.2018325
1334,0.15103701
1335,0.18072659
1336,0.08059519
1337,0.25898254
1338,0.1910095
1339,0.14351939
1340,0.14490949
1341,0.14019056
1342,0.18694897
1343,0.3693928
1344,0.119087994
1345,0.10434686
1346,0.23955804
1347,0.15764569
1348,0.08784963
1349,0.14533402
1350,0.17275624
1351,0.21407054
1352,0.16213943
1353,0.1098504
1354,0.2684498
1355,0.38566113
1356,0.13582122
1357,0.33254182
1358,0.11258924
1359,0.45905352
1360,0.22899543
1361,0.06394016
1362,0.12312263
1363,0.13826253
1364,0.17631395
1365,0.4302574
1366,0.10218729
1367,0.25868538
1368,0.10924098
1369,0.54622036
1370,0.2854151
1371,0.13330379
1372,0.07140426
1373,0.4029172
1374,0.2085493
1375,0.23081425
1376,0.14418417
1377,0.39080328
1378,0.13760974
1379,0.04203662
1380,0.12125944
1381,0.070608504
1382,0.086274445
1383,0.3719844
1384,0.19308491
1385,0.111163706
1386,0.22606306
1387,0.09274861
1388,0.07595809
1389,0.7021549
1390,0.10917158
1391,0.12306597
1392,0.10924686
1393,0.13488394
1394,0.14395823
1395,0.28151566
1396,0.08615439
1397,0.13510682
1398,0.10739642
1399,0.10386858
1400,0.09301929
1401,0.1667172
1402,0.17449044
1403,0.27603692
1404,0.13002166
1405,0.17871216
1406,0.62255144
1407,0.1888355
1408,0.19515058
1409,0.064019956
1410,0.20929523
1411,0.53653824
1412,0.25795245
1413,0.16164184
1414,0.16572167
1415,0.28493807
1416,0.040298894
1417,0.13856952
1418,0.087746866
1419,0.35205114
1420,0.23629211
1421,0.41518745
1422,0.11028623
1423,0.07975785
1424,0.19238591
1425,0.16902295
1426,0.09764011
1427,0.32194936
1428,0.13222551
1429,0.40083057
1430,0.04322409
1431,0.18552978
1432,0.5108591
1433,0.0804053
1434,0.10761118
1435,0.14015397
1436,0.35632062
1437,0.19252321
1438,0.0822441
1439,0.09447599
1440,0.22447602
1441,0.20625937
1442,0.1072097
1443,0.13593845
1444,0.09360651
1445,0.19064774
1446,0.08087659
1447,0.107871644
1448,0.14876273
1449,0.225082
1450,0.22589324
1451,0.2998371
1452,0.08929552
1453,0.06248931
1454,0.11104044
1455,0.17819591
1456,0.17393976
1457,0.10633951
1458,0.06650706
1459,0.21553446
1460,0.09914372
1461,0.18565977
1462,0.10797592
1463,0.18524975
1464,0.43572652
1465,0.20513412
1466,0.092691064
1467,0.35352528
1468,0.4086097
1469,0.11878756
1470,0.11423213
1471,0.14200228
1472,0.37714124
1473,0.10506204
1474,0.18383625
1475,0.1368914
1476,0.107657224
1477,0.18253125
1478,0.118764035
1479,0.11541927
1480,0.060246423
1481,0.111941196
1482,0.06735701
1483,0.13005652
1484,0.11774673
1485,0.64844483
1486,0.07514263
1487,0.23941204
1488,0.09354412
1489,0.5095729
1490,0.09932348
1491,0.06334154
1492,0.3751994
1493,0.24847764
1494,0.2847311
1495,0.09367426
1496,0.18680696
1497,0.13136436
1498,0.17585313
1499,0.2044483
1500,0.11020664
1501,0.067659535
1502,0.16833286
1503,0.40424672
1504,0.107813746
1505,0.41280097
1506,0.077738695
1507,0.105044834
1508,0.07444616
1509,0.17274857
1510,0.14283076
1511,0.3697758
1512,0.12626877
1513,0.2535585
1514,0.48241997
1515,0.10113884
1516,0.07672417
1517,0.14489864
1518,0.14991245
1519,0.076307975
1520,0.49300718
1521,0.6094922
1522,0.098102756
1523,0.186622
1524,0.25863174
1525,0.15588544
1526,0.085466705
1527,0.1585313
1528,0.11077839
1529,0.07894131
1530,0.08883859
1531,0.17605254
1532,0.19559492
1533,0.5504327
1534,0.08592476
1535,0.10837756
1536,0.16098726
1537,0.29089034
1538,0.1630285
1539,0.12332703
1540,0.16548713
1541,0.13496707
1542,0.071662016
1543,0.19316716
1544,0.313921
1545,0.109132245
1546,0.30097544
1547,0.21747589
1548,0.14377998
1549,0.058266025
1550,0.14730974
1551,0.07446161
1552,0.07393155
1553,0.19909865
1554,0.19850259
1555,0.26060125
1556,0.26563358
1557,0.57730216
1558,0.0942492
1559,0.4804538
1560,0.16416872
1561,0.20061433
1562,0.11043714
1563,0.057819765
1564,0.18251263
1565,0.12314721
1566,0.300737
1567,0.092552386
1568,0.07555749
1569,0.15795602
1570,0.30477545
1571,0.22333927
1572,0.37117195
1573,0.11783506
1574,0.08732902
1575,0.22917505
1576,0.106422715
1577,0.06288148
1578,0.07053657
1579,0.13649112
1580,0.14250956
1581,0.074915715
1582,0.10888817
1583,0.11277682
1584,0.09030107
1585,0.12001117
1586,0.09759143
1587,0.29582265
1588,0.095242865
1589,0.12170673
1590,0.20375845
1591,0.2640581
1592,0.1099159
1593,0.35283843
1594,0.24456994
1595,0.0686373
1596,0.1522261
1597,0.21171169
1598,0.14214982
1599,0.066271886
1600,0.38171285
1601,0.05510593
1602,0.18417035
1603,0.15335335
1604,0.0731374
1605,0.22680844
1606,0.08836745
1607,0.1134981
1608,0.35094714
1609,0.13790692
1610,0.14451078
1611,0.23631042
1612,0.1081324
1613,0.08518308
1614,0.33394644
1615,0.07981332
1616,0.14267808
1617,0.10260812
1618,0.11244794
1619,0.121373385
1620,0.25301385
1621,0.2750005
1622,0.07107983
1623,0.59733593
1624,0.082427524
1625,0.102889
1626,0.13720635
1627,0.50487155
1628,0.064051226
1629,0.46847972
1630,0.17109853
1631,0.1398748
1632,0.14229527
1633,0.07174819
1634,0.08011702
1635,0.07206852
1636,0.06250931
1637,0.24246696
1638,0.14806004
1639,0.12095767
1640,0.27099195
1641,0.074745886
1642,0.39700645
1643,0.14956737
1644,0.15771042
1645,0.094002604
1646,0.07331592
1647,0.16992319
1648,0.19654907
1649,0.2007496
1650,0.15717681
1651,0.19192931
1652,0.09532247
1653,0.12896438
1654,0.37682933
1655,0.11343668
1656,0.043152984
1657,0.1251607
1658,0.081043184
1659,0.113334425
1660,0.22604014
1661,0.23075265
1662,0.38226873
1663,0.23234749
1664,0.25834644
1665,0.16382703
1666,0.10931805
1667,0.39931846
1668,0.11902614
1669,0.14057711
1670,0.07243463
1671,0.10924047
1672,0.13676602
1673,0.14108413
1674,0.13270599
1675,0.09441125
1676,0.06292756
1677,0.10043432
1678,0.11410161
1679,0.105031535
1680,0.105377086
1681,0.33532634
1682,0.107540056
1683,0.059326965
1684,0.1294938
1685,0.05600446
1686,0.11804643
1687,0.4020104
1688,0.33162406
1689,0.120384395
1690,0.290083
1691,0.1568548
1692,0.16115779
1693,0.2241756
1694,0.109563276
1695,0.17802241
1696,0.16960876
1697,0.23220696
1698,0.11092847
1699,0.101562664
1700,0.08834805
1701,0.282259
1702,0.18429531
1703,0.14749373
1704,0.2975514
1705,0.2364261
1706,0.33330503
1707,0.17317179
1708,0.09846742
1709,0.06860297
1710,0.20388396
1711,0.13107638
1712,0.11201218
1713,0.21113594
1714,0.13566698
1715,0.106735274
1716,0.117847905
1717,0.3878655
1718,0.26864454
1719,0.31626904
1720,0.15457375
1721,0.29778785
1722,0.07688186
1723,0.11246186
1724,0.24025178
1725,0.09634339
1726,0.10599238
1727,0.513139
1728,0.087125696
1729,0.105701156
1730,0.44899732
1731,0.1279256
1732,0.052654468
1733,0.18691133
1734,0.116211124
1735,0.18004082
1736,0.18959789
1737,0.13566305
1738,0.23290996
1739,0.073695526
1740,0.073836416
1741,0.10722309
1742,0.14383043
1743,0.14685811
1744,0.06563131
1745,0.08990002
1746,0.07740436
1747,0.30446017
1748,0.093888424
1749,0.28481814
1750,0.18824351
1751,0.15343468
1752,0.10493814
1753,0.66756785
1754,0.12290234
1755,0.40221888
1756,0.44969043
1757,0.13642034
1758,0.13120855
1759,0.17676236
1760,0.12287789
1761,0.11044595
1762,0.098049775
1763,0.14543866
1764,0.107256375
1765,0.20158945
1766,0.16207223
1767,0.33973613
1768,0.17001402
1769,0.10332721
1770,0.21759357
1771,0.17629756
1772,0.26503828
1773,0.11343445
1774,0.117255464
1775,0.066882774
1776,0.082221664
1777,0.055177733
1778,0.34319627
1779,0.20779318
1780,0.12867628
1781,0.10539795
1782,0.10086159
1783,0.08880258
1784,0.18903299
1785,0.42262092
1786,0.15515958
1787,0.09902896
1788,0.1329511
1789,0.27167758
1790,0.1558291
1791,0.17654133
1792,0.15398325
1793,0.11113704
1794,0.08120221
1795,0.1552167
1796,0.35001054
1797,0.17085326
1798,0.07474064
1799,0.067197196
1800,0.121001415
1801,0.13371223
1802,0.43071505
1803,0.24231926
1804,0.31445092
1805,0.122928016
1806,0.086674884
1807,0.22357628
1808,0.07437169
1809,0.16708063
1810,0.27938434
1811,0.17253493
1812,0.17029366
1813,0.49885702
1814,0.08858276
1815,0.39845225
1816,0.107871644
1817,0.4646583
1818,0.1180673
1819,0.06633759
1820,0.061783064
1821,0.1057751
1822,0.12788147
1823,0.4375022
1824,0.16324887
1825,0.29954508
1826,0.21011442
1827,0.112528175
1828,0.34780642
1829,0.3090362
1830,0.3313568
1831,0.15441647
1832,0.123374045
1833,0.26688328
1834,0.113908745
1835,0.13971205
1836,0.11601313
1837,0.14341742
1838,0.08559839
1839,0.10716892
1840,0.12035678
1841,0.35549036
1842,0.11931536
1843,0.10079421
1844,0.3664019
1845,0.07872742
1846,0.51233226
1847,0.4998
1848,0.36706236
1849,0.15634234
1850,0.21986122
1851,0.09512246
1852,0.21265839
1853,0.35013703
1854,0.12094514
1855,0.16537924
1856,0.097478
1857,0.092368506
1858,0.27837053
1859,0.089418724
1860,0.38706136
1861,0.28162163
1862,0.34377936
1863,0.15645857
1864,0.31409046
1865,0.32374826
1866,0.15191853
1867,0.12541619
1868,0.12643832
1869,0.08573568
1870,0.100194074
1871,0.5371738
1872,0.18966915
1873,0.16310537
1874,0.14563265
1875,0.23210256
1876,0.11849358
1877,0.101369485
1878,0.14066333
1879,0.05671386
1880,0.06611693
1881,0.109225735
1882,0.4441621
1883,0.14508677
1884,0.100558974
1885,0.1161467
1886,0.43999738
1887,0.10979774
1888,0.31761357
1889,0.47269195
1890,0.1988329
1891,0.11842599
1892,0.05087287
1893,0.5259479
1894,0.07916631
1895,0.28457546
1896,0.24523051
1897,0.18104264
1898,0.092710316
1899,0.072603725
1900,0.27642387
1901,0.14442268
1902,0.6631725
1903,0.23036969
1904,0.18021956
1905,0.4483061
1906,0.121269174
1907,0.3123365
1908,0.11390989
1909,0.19619524
1910,0.051944055
1911,0.12131942
1912,0.20196049
1913,0.14938812
1914,0.24181157
1915,0.07887032
1916,0.18670619
1917,0.14476402
1918,0.08975106
1919,0.14243475
1920,0.1952025
1921,0.32929474
1922,0.49561015
1923,0.10638014
1924,0.03521918
1925,0.13623826
1926,0.4232856
1927,0.07918567
1928,0.42406192
1929,0.17175609
1930,0.09452648
1931,0.40233836
1932,0.11157371
1933,0.1185138
1934,0.07768996
1935,0.071495846
1936,0.12967175
1937,0.16150784
1938,0.3366543
1939,0.08987595
1940,0.27611443
1941,0.178392
1942,0.14452675
1943,0.09063306
1944,0.16691181
1945,0.2658738
1946,0.10011681
1947,0.061495442
1948,0.06669137
1949,0.33903196
1950,0.20098138
1951,0.36135328
1952,0.14195843
1953,0.3732549
1954,0.08027519
1955,0.15364134
1956,0.28233162
1957,0.15651378
1958,0.23886867
1959,0.3658272
1960,0.48018405
1961,0.11365638
1962,0.14405991
1963,0.10989622
1964,0.04621447
1965,0.0822179
1966,0.5543892
1967,0.12108103
1968,0.08538207
1969,0.05677117
1970,0.12020616
1971,0.3091534
1972,0.19829915
1973,0.17129686
1974,0.104915775
1975,0.042029496
1976,0.22736752
1977,0.10125871
1978,0.11321596
1979,0.07760216
1980,0.23249285
1981,0.13614671
1982,0.11133843
1983,0.14561254
1984,0.0827257
1985,0.15674314
1986,0.1022785
1987,0.09279564
1988,0.103108846
1989,0.20815888
1990,0.41249275
1991,0.22049503
1992,0.1747396
1993,0.14121278
1994,0.10701331
1995,0.09831281
1996,0.10932831
1997,0.16147476
1998,0.16754483
1999,0.06335222
2000,0.19569999
2001,0.1526112
2002,0.15716171
2003,0.11535491
2004,0.07217279
2005,0.12801912
2006,0.06963514
2007,0.16605984
2008,0.28582987
2009,0.15410194
2010,0.06910448
2011,0.34338227
2012,0.2803004
2013,0.16109852
2014,0.1512198
2015,0.19042373
2016,0.13077821
2017,0.0787712
2018,0.09672012
2019,0.078395285
2020,0.0639156
2021,0.10397723
2022,0.29856807
2023,0.1529487
2024,0.19561008
2025,0.3594873
2026,0.054803845
2027,0.13558054
2028,0.23083663
2029,0.117844805
2030,0.116199404
2031,0.10818047
2032,0.32605934
2033,0.28672478
2034,0.08646162
2035,0.10551366
2036,0.17253481
2037,0.13402793
2038,0.40805832
2039,0.14986154
2040,0.31960475
2041,0.3344698
2042,0.13772337
2043,0.19971614
2044,0.58824545
2045,0.07220263
2046,0.12617508
2047,0.1293133
2048,0.24462439
2049,0.16687915
2050,0.061774928
2051,0.08926397
2052,0.04256547
2053,0.43547618
2054,0.26683205
2055,0.16077748
2056,0.5716773
2057,0.11201548
2058,0.24612753
2059,0.07877566
2060,0.20643133
2061,0.1636006
2062,0.14064191
2063,0.07139432
2064,0.059040006
2065,0.121560656
2066,0.32886153
2067,0.19898807
2068,0.37665337
2069,0.13149951
2070,0.16198753
2071,0.35437307
2072,0.054325204
2073,0.07895638
2074,0.11821408
2075,0.12893675
2076,0.10050306
2077,0.119622976
2078,0.06455632
2079,0.13092364
2080,0.10979774
2081,0.4305763
2082,0.117748044
2083,0.12191786
2084,0.05303023
2085,0.16067858
2086,0.11762333
2087,0.11487412
2088,0.07288601
2089,0.13534059
2090,0.22804143
2091,0.046879567
2092,0.1642364
2093,0.10251404
2094,0.1382989
2095,0.057256166
2096,0.284805
2097,0.075913504
2098,0.10125166
2099,0.05790032
2100,0.098495774
2101,0.06015428
2102,0.17165108
2103,0.4275568
2104,0.1404069
2105,0.14528759
2106,0.07163679
2107,0.15347384
2108,0.26343903
2109,0.24157965
2110,0.115364335
2111,0.30348355
2112,0.28569803
2113,0.0757341
2114,0.2801123
2115,0.07064071
2116,0.09479411
2117,0.08328182
2118,0.12628272
2119,0.1574254
2120,0.11336896
2121,0.07697825
2122,0.06617138
2123,0.18736745
2124,0.19446655
2125,0.22836708
2126,0.16269767
2127,0.10257329
2128,0.31698295
2129,0.051224947
2130,0.042485178
2131,0.2920541
2132,0.163769
2133,0.056006048
2134,0.118610084
2135,0.110635825
2136,0.065500036
2137,0.19907497
2138,0.092987336
2139,0.2612741
2140,0.15697503
2141,0.5797886
2142,0.08039413
2143,0.07306458
2144,0.1050748
2145,0.051008325
2146,0.41349512
2147,0.0501816
2148,0.14387622
2149,0.1775328
2150,0.2135497
2151,0.37539047
2152,0.38101605
2153,0.0696356
2154,0.06434205
2155,0.2634863
2156,0.13582012
2157,0.6078289
2158,0.18904744
2159,0.2673381
2160,0.08328797
2161,0.10959321
2162,0.0446433
2163,0.18566118
2164,0.111064754
2165,0.07228292
2166,0.30239475
2167,0.049391698
2168,0.5115133
2169,0.09693879
2170,0.17059284
2171,0.097546294
2172,0.17675205
2173,0.19754598
2174,0.2743206
2175,0.19355212
2176,0.045565378
2177,0.071460955
2178,0.3529028
2179,0.13885163
2180,0.17623137
2181,0.4435094
2182,0.6630949
2183,0.1348099
2184,0.09399889
2185,0.19243649
2186,0.070171036
2187,0.080017775
2188,0.16343278
2189,0.102799304
2190,0.3161306
2191,0.35198352
2192,0.3044721
2193,0.104360834
2194,0.2273251
2195,0.09019945
2196,0.40095305
2197,0.22871128
2198,0.097408526
2199,0.17963302
2200,0.30353788
2201,0.16044573
2202,0.11165543
2203,0.078950934
2204,0.06686473
2205,0.117069796
2206,0.38497633
2207,0.24046704
2208,0.097719796
2209,0.21330608
2210,0.35734662
2211,0.18516786
2212,0.05865038
2213,0.09047829
2214,0.15489872
2215,0.40760624
2216,0.2438639
2217,0.107099146
2218,0.15280803
2219,0.09911023
2220,0.13172737
2221,0.0826339
2222,0.09113537
2223,0.17873101
2224,0.15210795
2225,0.15392724
2226,0.16741098
2227,0.06426749
2228,0.15591043
2229,0.0866555
2230,0.10234557
2231,0.25444135
2232,0.21143663
2233,0.112904176
2234,0.17462116
2235,0.19388486
2236,0.1532558
2237,0.07620141
2238,0.23989105
2239,0.14284451
2240,0.4049695
2241,0.10922986
2242,0.055304736
2243,0.15415604
2244,0.13259973
2245,0.12887898
2246,0.10922986
2247,0.07629423
2248,0.18336655
2249,0.056239903
2250,0.32262883
2251,0.09289169
2252,0.22255503
2253,0.09504559
2254,0.123692736
2255,0.14102192
2256,0.07044479
2257,0.16112888
2258,0.41301662
2259,0.16131283
2260,0.08827772
2261,0.23940468
2262,0.5799359
2263,0.041648354
2264,0.12823369
2265,0.15765953
2266,0.12241041
2267,0.14626095
2268,0.082532294
2269,0.08345266
2270,0.06689352
2271,0.10491606
2272,0.12494678
2273,0.09146322
2274,0.20511733
2275,0.10509615
2276,0.118296765
2277,0.107216865
2278,0.06727734
2279,0.16429415
2280,0.19659658
2281,0.27292842
2282,0.10002614
2283,0.18144318
2284,0.14907357
2285,0.21385705
2286,0.100370556
2287,0.056463253
2288,0.11159841
2289,0.23471823
2290,0.07503472
2291,0.1561292
2292,0.14573272
2293,0.05434605
2294,0.30238262
2295,0.1435904
2296,0.1161867
2297,0.10562629
2298,0.1955217
2299,0.2447517
2300,0.3087453
2301,0.22989567
2302,0.22529998
2303,0.10583959
2304,0.5282389
2305,0.07344142
2306,0.11238345
2307,0.15358056
2308,0.10857381
2309,0.39237934
2310,0.18176578
2311,0.17347829
2312,0.046252236
2313,0.08043515
2314,0.20891452
2315,0.19307588
2316,0.11066501
2317,0.14674337
2318,0.068602316
2319,0.10621099
2320,0.11821406
2321,0.3178907
2322,0.0695739
2323,0.18562719
2324,0.11104246
2325,0.38264394
2326,0.104683414
2327,0.14350666
2328,0.055276267
2329,0.30782095
2330,0.20010567
2331,0.10492827
2332,0.08489082
2333,0.069022544
2334,0.296238
2335,0.093603134
2336,0.30972362
2337,0.07636728
2338,0.33085582
2339,0.20048071
2340,0.09249394
2341,0.49053478
2342,0.18060704
2343,0.17721176
2344,0.22136474
2345,0.1018361
2346,0.3167988
2347,0.08068758
2348,0.1860922
2349,0.17449445
2350,0.068714246
2351,0.23511504
2352,0.1646273
2353,0.33248085
2354,0.07124801
2355,0.12681234
2356,0.14216043
2357,0.093001015
2358,0.060258735
2359,0.24789684
2360,0.16293722
2361,0.13112879
2362,0.18127094
2363,0.31658575
2364,0.40288898
2365,0.3008191
2366,0.14666228
2367,0.38794157
2368,0.05045177
2369,0.09163261
2370,0.23234011
2371,0.21373112
2372,0.11925453
2373,0.19676137
2374,0.13050956
2375,0.30270344
2376,0.2632756
2377,0.389196
2378,0.11281491
2379,0.04733523
2380,0.0892612
2381,0.103356004
2382,0.13897386
2383,0.11799414
2384,0.11611211
2385,0.20703152
2386,0.3042552
2387,0.22572935
2388,0.45960805
2389,0.3451652
2390,0.1177424
2391,0.092147626
2392,0.13882546
2393,0.08758533
2394,0.4276563
2395,0.11790838
2396,0.053111695
2397,0.060114056
2398,0.13947424
2399,0.18728635
2400,0.16499768
2401,0.085431196
2402,0.107992895
2403,0.09141707
2404,0.107816674
2405,0.0894214
2406,0.075002804
2407,0.1662424
2408,0.1721026
2409,0.3864544
2410,0.34403634
2411,0.12261718
2412,0.058967717
2413,0.1815112
2414,0.1992514
2415,0.3508796
2416,0.16959171
2417,0.20117658
2418,0.10823083
2419,0.09574266
2420,0.09687456
2421,0.14106564
2422,0.15061197
2423,0.10427127
2424,0.15524094
2425,0.16297163
2426,0.10710076
2427,0.13884345
2428,0.34972262
2429,0.12055732
2430,0.06582801
2431,0.18730159
2432,0.30027556
2433,0.15257406
2434,0.26175842
2435,0.098762445
2436,0.30473804
2437,0.10530394
2438,0.06827927
2439,0.40681452
2440,0.05204429
2441,0.12761274
2442,0.09926148
2443,0.25179455
2444,0.15671232
2445,0.09327669
2446,0.09363026
2447,0.06637536
2448,0.15267362
2449,0.115630195
2450,0.33404452
2451,0.14401107
2452,0.3466417
2453,0.15075651
2454,0.07326497
2455,0.081054226
2456,0.118278414
2457,0.14812616
2458,0.43394572
2459,0.08346904
2460,0.107465
2461,0.17185538
2462,0.10367658
2463,0.58795613
2464,0.07407638
2465,0.072622545
2466,0.1999081
2467,0.22684808
2468,0.21250682
2469,0.32455587
2470,0.06627499
2471,0.087373875
2472,0.1602999
2473,0.18399297
2474,0.08799721
2475,0.06939587
2476,0.16853084
2477,0.30147943
2478,0.12182282
2479,0.13304563
2480,0.17762321
2481,0.11678331
2482,0.13603342
2483,0.6787326
2484,0.17123842
2485,0.15878835
2486,0.10278905
2487,0.07327874
2488,0.25311092
2489,0.1861771
2490,0.11086645
2491,0.19212592
2492,0.122882135
2493,0.13668658
2494,0.09351463
2495,0.2614923
2496,0.10269057
2497,0.1540577
2498,0.17423284
2499,0.087399416
2500,0.12045539
2501,0.3026153
2502,0.2814899
2503,0.13765483
2504,0.50067693
2505,0.12841083
2506,0.14851874
2507,0.33752212
2508,0.15735428
2509,0.0531636
2510,0.32098287
2511,0.06637092
2512,0.075004786
2513,0.26382047
2514,0.13767925
2515,0.062762134
2516,0.047282204
2517,0.18139993
2518,0.12669972
2519,0.10982757
2520,0.09814494
2521,0.11723656
2522,0.18115515
2523,0.15048899
2524,0.0709381
2525,0.2575307
2526,0.09909469
2527,0.12707599
2528,0.19380103
2529,0.122293495
2530,0.096855305
2531,0.08233848
2532,0.11543416
2533,0.16659698
2534,0.1706802
2535,0.057532243
2536,0.11971855
2537,0.21099603
2538,0.13805808
2539,0.10468049
2540,0.10796793
2541,0.17509691
2542,0.071465194
2543,0.18657897
2544,0.11995262
2545,0.080141865
2546,0.11138091
2547,0.1081622
2548,0.06652411
2549,0.3946266
2550,0.13655776
2551,0.3573887
2552,0.20765895
2553,0.08909473
2554,0.42352
2555,0.278652
2556,0.1504308
2557,0.19051068
2558,0.07930557
2559,0.07784971
2560,0.10922986
2561,0.189816
2562,0.2804481
2563,0.10402485
2564,0.13765667
2565,0.08035152
2566,0.14356308
2567,0.21114992
2568,0.42170602
2569,0.14495817
2570,0.10549854
2571,0.1840333
2572,0.18273151
2573,0.034488734
2574,0.17870085
2575,0.20956033
2576,0.11780879
2577,0.66826236
2578,0.098752625
2579,0.10710291
2580,0.12505783
2581,0.06392362
2582,0.117733106
2583,0.113047555
2584,0.19306509
2585,0.14053364
2586,0.1720736
2587,0.4396041
2588,0.099527955
2589,0.08851313
2590,0.060651213
2591,0.5339603
2592,0.104553744
2593,0.23022382
2594,0.089741535
2595,0.07455469
2596,0.22563215
2597,0.2863123
2598,0.13296701
2599,0.09854402
2600,0.12818845
2601,0.14117734
2602,0.18534808
2603,0.19404548
2604,0.15332572
2605,0.11524481
2606,0.41012937
2607,0.101676516
2608,0.14543222
2609,0.08803957
2610,0.29703102
2611,0.080307744
2612,0.10380389
2613,0.13358442
2614,0.12515633
2615,0.32670334
2616,0.08517423
2617,0.3236996
2618,0.19286291
2619,0.2504777
2620,0.22431791
2621,0.2112264
2622,0.12798405
2623,0.1490495
2624,0.100825585
2625,0.4679963
2626,0.12970336
2627,0.07278704
2628,0.19353127
2629,0.1268481
2630,0.1154068
2631,0.17026183
2632,0.2732719
2633,0.10054878
2634,0.14309517
2635,0.11685595
2636,0.1605583
2637,0.12867437
2638,0.10513151
2639,0.18455827
2640,0.2166092
2641,0.06665235
2642,0.09520893
2643,0.08990924
2644,0.20902354
2645,0.11014653
2646,0.55343354
2647,0.2659329
2648,0.11567448
2649,0.298508
2650,0.054042187
2651,0.15578052
2652,0.27195504
2653,0.21212131
2654,0.118757285
2655,0.12554723
2656,0.14566313
2657,0.28969085
2658,0.5910652
2659,0.603539
2660,0.102317475
2661,0.11841583
2662,0.13300195
2663,0.13848719
2664,0.4084428
2665,0.11930122
2666,0.18520297
2667,0.21835862
2668,0.1141692
2669,0.11587881
2670,0.11087172
2671,0.17657124
2672,0.18157272
2673,0.21707237
2674,0.21173047
2675,0.073896624
2676,0.077381834
2677,0.46272805
2678,0.12888935
2679,0.1496575
2680,0.095013075
2681,0.104521096
2682,0.12908229
2683,0.18110652
2684,0.29518098
2685,0.62749255
2686,0.37995458
2687,0.1070303
2688,0.14673407
2689,0.09992961
2690,0.14933306
2691,0.23767899
2692,0.2016272
2693,0.10512886
2694,0.07164486
2695,0.3192842
2696,0.13772926
2697,0.085731424
2698,0.06781393
2699,0.058712643
2700,0.15816852
2701,0.10088745
2702,0.061975747
2703,0.6464383
2704,0.067639895
2705,0.2751029
2706,0.0812129
2707,0.101920456
2708,0.1654712
2709,0.07579621
2710,0.13571045
2711,0.12638524
2712,0.0988717
2713,0.20378804
2714,0.13399684
2715,0.20862426
2716,0.41488156
2717,0.18869734
2718,0.10574532
2719,0.13332076
2720,0.11872858
2721,0.07790668
2722,0.23030101
2723,0.09381499
2724,0.15984753
2725,0.53745204
2726,0.12716559
2727,0.12417207
2728,0.34979108
2729,0.22157273
2730,0.15238304
2731,0.26202136
2732,0.3214437
2733,0.14075492
2734,0.13120098
2735,0.09073891
2736,0.10737037
2737,0.12712988
2738,0.17636462
2739,0.122286655
2740,0.13941738
2741,0.36157405
2742,0.08967397
2743,0.10008785
2744,0.07458378
2745,0.10353352
2746,0.17823172
2747,0.11087141
2748,0.23359105
2749,0.11150083
2750,0.19208202
2751,0.1940219
2752,0.6580478
2753,0.06836205
2754,0.15666379
2755,0.064951696
2756,0.37600687
2757,0.1264109
2758,0.15746868
2759,0.09895713
2760,0.135023
2761,0.35611644
2762,0.12630476
2763,0.10469243
2764,0.48965645
2765,0.18552811
2766,0.17558925
2767,0.10379462
2768,0.31061998
2769,0.38002774
2770,0.094735965
2771,0.12031831
2772,0.18684694
2773,0.09777444
2774,0.18257247
2775,0.09670004
2776,0.22072487
2777,0.15273868
2778,0.3260767
2779,0.44398978
2780,0.64421767
2781,0.14620395
2782,0.077224545
2783,0.19130898
2784,0.5869497
2785,0.19314139
2786,0.24922898
2787,0.13397147
2788,0.23272943
2789,0.11663874
2790,0.13572977
2791,0.35179675
2792,0.12849632
2793,0.091487676
2794,0.1721018
2795,0.44572946
2796,0.103785835
2797,0.11416163
2798,0.16059047
2799,0.1574474
2800,0.19554138
2801,0.105478264
2802,0.17303982
2803,0.32171753
2804,0.19104242
2805,0.25179166
2806,0.18883242
2807,0.079870455
2808,0.28182226
2809,0.3792757
2810,0.12022368
2811,0.10742088
2812,0.19033991
2813,0.15818878
2814,0.12872222
2815,0.097505644
2816,0.09401416
2817,0.24921107
2818,0.085025266
2819,0.20526853
2820,0.068479784
2821,0.07445971
2822,0.07553415
2823,0.36717167
2824,0.2519934
2825,0.12449875
2826,0.077285275
2827,0.13498764
2828,0.16175362
2829,0.09587375
2830,0.08879899
2831,0.1478458
2832,0.29360753
2833,0.12160764
2834,0.095842466
2835,0.48302478
2836,0.08336154
2837,0.2532676
2838,0.17713955
2839,0.34757268
2840,0.12355451
2841,0.13670355
2842,0.090644084
2843,0.09337564
2844,0.26128477
2845,0.19242571
2846,0.08471544
2847,0.2902624
2848,0.07495384
2849,0.5464592
2850,0.18817933
2851,0.20416667
2852,0.16555195
2853,0.31295708
2854,0.31924957
2855,0.49196124
2856,0.33236843
2857,0.10665304
2858,0.11171241
2859,0.12413229
2860,0.11301257
2861,0.30913752
2862,0.113357656
2863,0.1169065
2864,0.1361433
2865,0.23069365
2866,0.15784325
2867,0.1592257
2868,0.20814866
2869,0.10964008
2870,0.18890473
2871,0.10200984
2872,0.14956416
2873,0.4677246
2874,0.07308821
2875,0.16410527
2876,0.13855268
2877,0.13047326
2878,0.13845253
2879,0.112219565
2880,0.37624803
2881,0.09172299
2882,0.54620165
2883,0.12569658
2884,0.14142403
2885,0.04544905
2886,0.23855332
2887,0.081176504
2888,0.15423249
2889,0.100018665
2890,0.22089112
2891,0.049456365
2892,0.07514848
2893,0.114019126
2894,0.38464758
2895,0.10091366
2896,0.16708651
2897,0.104820564
2898,0.103649125
2899,0.15135476
2900,0.27426142
2901,0.2446816
2902,0.13905777
2903,0.14228512
2904,0.11742271
2905,0.06961775
2906,0.16422737
2907,0.112227514
2908,0.15873984
2909,0.084525384
2910,0.14064209
2911,0.05920003
2912,0.07487982
2913,0.14984438
2914,0.11064711
2915,0.13941488
2916,0.15623751
2917,0.35330465
2918,0.21082923
2919,0.31622455
2920,0.08725686
2921,0.18961748
2922,0.18847494
2923,0.121235274
2924,0.38680387
2925,0.106498174
2926,0.16743137
2927,0.09006241
2928,0.1711788
2929,0.119136594
2930,0.31836808
2931,0.31007355
2932,0.12433084
2933,0.044067454
2934,0.082342684
2935,0.16343293
2936,0.08229861
2937,0.16727233
2938,0.20704953
2939,0.0994599
2940,0.259631
2941,0.1391727
2942,0.1253162
2943,0.106955424
2944,0.16358823
2945,0.37942842
2946,0.10881032
2947,0.28707206
2948,0.2193859
2949,0.07691201
2950,0.1516218
2951,0.2744179
2952,0.28321743
2953,0.16740516
2954,0.14705297
2955,0.13756324
2956,0.082271874
2957,0.08862458
2958,0.13294148
2959,0.080980755
2960,0.09285716
2961,0.1967741
2962,0.06183528
2963,0.40291426
2964,0.0761094
2965,0.23684703
2966,0.16492577
2967,0.077224255
2968,0.5542576
2969,0.15278944
2970,0.1617482
2971,0.0868604
2972,0.09268549
2973,0.34507546
2974,0.17303856
2975,0.062406547
2976,0.21803734
2977,0.24757338
2978,0.11959708
2979,0.2474758
2980,0.101611294
2981,0.06444015
2982,0.078135915
2983,0.09928222
2984,0.107871644
2985,0.10854729
2986,0.14343928
2987,0.24764483
2988,0.16228507
2989,0.29757306
2990,0.14119366
2991,0.069453694
2992,0.08374326
2993,0.4198678
2994,0.1275215
2995,0.10903938
2996,0.13915628
2997,0.13981797
2998,0.07399483
2999,0.08589645
3000,0.16252686
3001,0.47208825
3002,0.112109035
3003,0.08452284
3004,0.17539962
3005,0.113981575
3006,0.4326101
3007,0.03158376
3008,0.057779867
3009,0.17591575
3010,0.14056653
3011,0.1820861
3012,0.3875394
3013,0.12625964
3014,0.12114899
3015,0.2907124
3016,0.10786109
3017,0.06968061
3018,0.16601007
3019,0.13456678
3020,0.3244191
3021,0.08903074
3022,0.18034002
3023,0.2646802
3024,0.09985894
3025,0.17692228
3026,0.14539851
3027,0.5218367
3028,0.3763316
3029,0.17679547
3030,0.20902567
3031,0.13005732
3032,0.18430404
3033,0.0728984
3034,0.14964552
3035,0.11314253
3036,0.56362003
3037,0.061507665
3038,0.15984014
3039,0.13659452
3040,0.11653009
3041,0.12973635
3042,0.09788399
3043,0.1246796
3044,0.3844191
3045,0.10088754
3046,0.08820254
3047,0.073639505
3048,0.07489829
3049,0.056808412
3050,0.051006965
3051,0.10888357
3052,0.09884884
3053,0.28132892
3054,0.105090424
3055,0.23955849
3056,0.19212733
3057,0.10188978
3058,0.35552788
3059,0.119999826
3060,0.13170499
3061,0.21706136
3062,0.38610137
3063,0.42915514
3064,0.105050564
3065,0.19701295
3066,0.18090536
3067,0.08051809
3068,0.23315611
3069,0.11388677
3070,0.21758822
3071,0.11939638
3072,0.098492965
3073,0.11001351
3074,0.3128403
3075,0.09336381
3076,0.19268675
3077,0.12396382
3078,0.22546458
3079,0.07308987
3080,0.12631437
3081,0.11990777
3082,0.282413
3083,0.19931749
3084,0.45202973
3085,0.12508409
3086,0.2238314
3087,0.3717994
3088,0.17697142
3089,0.13596338
3090,0.5659155
3091,0.11299086
3092,0.13053684
3093,0.16525978
3094,0.04524406
3095,0.16579425
3096,0.16624208
3097,0.12548776
3098,0.28645346
3099,0.09000563
3100,0.12746352
3101,0.1878407
3102,0.10292836
3103,0.07342376
3104,0.21252859
3105,0.12106042
3106,0.27821895
3107,0.2135801
3108,0.057662643
3109,0.08176012
3110,0.69750077
3111,0.18566437
3112,0.2233587
3113,0.107871644
3114,0.09099626
3115,0.32212254
3116,0.12056752
3117,0.17288202
3118,0.32905465
3119,0.17026904
3120,0.0732998
3121,0.22670935
3122,0.11047433
3123,0.069861
3124,0.32280824
3125,0.1915896
3126,0.08175406
3127,0.33854994
3128,0.081450656
3129,0.17532985
3130,0.110476874
3131,0.11163156
3132,0.062435992
3133,0.14454174
3134,0.06802396
3135,0.19313797
3136,0.40198606
3137,0.19415848
3138,0.11852798
3139,0.09279243
3140,0.08537332
3141,0.18778183
3142,0.43985084
3143,0.3635422
3144,0.07701114
3145,0.18526056
3146,0.087740675
3147,0.13174318
3148,0.1603373
3149,0.1503548
3150,0.22444738
3151,0.110579565
3152,0.5280855
3153,0.14979123
3154,0.06371444
3155,0.08121758
3156,0.14313872
3157,0.09268217
3158,0.35699874
3159,0.11397208
3160,0.11563593
3161,0.1395201
3162,0.09809318
3163,0.14273895
3164,0.30590007
3165,0.15683375
3166,0.110560335
3167,0.23899391
3168,0.11179323
3169,0.100370556
3170,0.1454795
3171,0.054461103
3172,0.19336037
3173,0.1326721
3174,0.2286131
3175,0.23473683
3176,0.18104008
3177,0.18304597
3178,0.1917186
3179,0.065410346
3180,0.0625666
3181,0.15385284
3182,0.09923671
3183,0.08138816
3184,0.13842744
3185,0.19824289
3186,0.11076041
3187,0.07440556
3188,0.13643214
3189,0.17475945
3190,0.21635763
3191,0.1725023
3192,0.15563492
3193,0.16154857
3194,0.23812085
3195,0.30126107
3196,0.19099963
3197,0.07778429
3198,0.24774805
3199,0.11113438
3200,0.15528049
3201,0.28118277
3202,0.20555568
3203,0.18167616
3204,0.13443203
3205,0.062120505
3206,0.05871424
3207,0.29134288
3208,0.07638319
3209,0.09905688
3210,0.3729222
3211,0.14027959
3212,0.07827071
3213,0.078321904
3214,0.08959384
3215,0.4355946
3216,0.09323501
3217,0.29820058
3218,0.09625633
3219,0.082109645
3220,0.0827558
3221,0.4203238
3222,0.24469799
3223,0.10956488
3224,0.055152606
3225,0.09045817
3226,0.12706849
3227,0.12183907
3228,0.124351956
3229,0.21958983
3230,0.081423536
3231,0.18634702
3232,0.19485675
3233,0.4294337
3234,0.31039456
3235,0.17431651
3236,0.14612164
3237,0.12985653
3238,0.062285166
3239,0.17245495
3240,0.20680724
3241,0.08384638
3242,0.39700586
3243,0.34807032
3244,0.107871644
3245,0.3864134
3246,0.11272686
3247,0.2762269
3248,0.110010505
3249,0.23079525
3250,0.09992265
3251,0.4468781
3252,0.14195876
3253,0.17434967
3254,0.13360319
3255,0.17057961
3256,0.08024004
3257,0.3227649
3258,0.11572519
3259,0.17057161
3260,0.07969742
3261,0.1325274
3262,0.105166346
3263,0.15059096
3264,0.07265789
3265,0.20047721
3266,0.11780275
3267,0.06276728
3268,0.1252244
3269,0.098922655
3270,0.16073786
3271,0.066925995
3272,0.3942912
3273,0.16009523
3274,0.1156659
3275,0.21194404
3276,0.10922986
3277,0.076225035
3278,0.106558986
3279,0.16044994
3280,0.18013293
3281,0.19004998
3282,0.15673454
3283,0.06361631
3284,0.14146914
3285,0.10162829
3286,0.50897145
3287,0.17980199
3288,0.16557963
3289,0.09758865
3290,0.11402943
3291,0.096522175
3292,0.15694237
3293,0.06969331
3294,0.0875431
3295,0.23554094
3296,0.12971133
3297,0.2843823
3298,0.21030952
3299,0.11721153
3300,0.15116571
3301,0.14948168
3302,0.18751343
3303,0.080688134
3304,0.14378375
3305,0.13258116
3306,0.5148601
3307,0.05066707
3308,0.10993885
3309,0.3313427
3310,0.13953581
3311,0.10152418
3312,0.26547697
3313,0.06995116
3314,0.20069195
3315,0.057058208
3316,0.24458203
3317,0.3389322
3318,0.112096414
3319,0.11675944
3320,0.28952825
3321,0.15021567
3322,0.2056806
3323,0.12316204
3324,0.07880364
3325,0.3901308
3326,0.22948551
3327,0.52100736
3328,0.12728554
3329,0.054406594
3330,0.10881345
3331,0.13265589
3332,0.2597292
3333,0.14865535
3334,0.122253135
3335,0.06290821
3336,0.1412533
3337,0.23464307
3338,0.14718503
3339,0.09660883
3340,0.09861175
3341,0.06736273
3342,0.12923916
3343,0.14250524
3344,0.18361376
3345,0.5668263
3346,0.101430535
3347,0.22642393
3348,0.13434623
3349,0.23000054
3350,0.070925474
3351,0.19426794
3352,0.06677782
3353,0.14196712
3354,0.14487267
3355,0.22115292
3356,0.06602203
3357,0.5139108
3358,0.10335176
3359,0.38266927
3360,0.41697037
3361,0.08368212
3362,0.20608558
3363,0.3615818
3364,0.18623804
3365,0.08607851
3366,0.096112594
3367,0.2202788
3368,0.18653381
3369,0.11376242
3370,0.11807013
3371,0.11990975
3372,0.5193726
3373,0.15214698
3374,0.22467405
3375,0.20806427
3376,0.15218323
3377,0.0996264
3378,0.1558831
3379,0.079567924
3380,0.11776103
3381,0.2608034
3382,0.33406833
3383,0.15392889
3384,0.28105116
3385,0.09729495
3386,0.15981787
3387,0.19654413
3388,0.10575148
3389,0.10182049
3390,0.1053367
3391,0.27542415
3392,0.35875398
3393,0.12234995
3394,0.10580573
3395,0.28419185
3396,0.19007534
3397,0.19061726
3398,0.22295769
3399,0.12553892
3400,0.121025495
3401,0.10690909
3402,0.06992257
3403,0.21708687
3404,0.11534911
3405,0.43088484
3406,0.08154073
3407,0.09965086
3408,0.44907779
3409,0.09924832
3410,0.122160174
3411,0.42485172
3412,0.114142224
3413,0.34023046
3414,0.15445192
3415,0.16546407
3416,0.10481712
3417,0.112161785
3418,0.16361639
3419,0.081950836
3420,0.08226809
3421,0.13362654
3422,0.12323983
3423,0.2618022
3424,0.20566656
3425,0.12623096
3426,0.1626963
3427,0.1597881
3428,0.27817455
3429,0.33224043
3430,0.1362946
3431,0.21734475
3432,0.13957329
3433,0.2974028
3434,0.06719115
3435,0.10272043
3436,0.14888138
3437,0.08027257
3438,0.21822129
3439,0.25308672
3440,0.07775028
3441,0.10188001
3442,0.035908706
3443,0.20042406
3444,0.12217762
3445,0.23383416
3446,0.28937423
3447,0.112096414
3448,0.06498779
3449,0.11792751
3450,0.29936007
3451,0.18129478
3452,0.11358161
3453,0.096649095
3454,0.08892248
3455,0.026598701
3456,0.1869055
3457,0.12541218
3458,0.15099014
3459,0.09328423
3460,0.13768934
3461,0.26410082
3462,0.11416163
3463,0.043778963
3464,0.12806073
3465,0.07280064
3466,0.07551688
3467,0.12422391
3468,0.1874648
3469,0.060494013
3470,0.076912194
3471,0.19753152
3472,0.09447666
3473,0.425212
3474,0.15218732
3475,0.12677309
3476,0.16467158
3477,0.10536564
3478,0.21801376
3479,0.07652532
3480,0.11389293
3481,0.35984337
3482,0.14550652
3483,0.12577225
3484,0.12514551
3485,0.109999895
3486,0.3600457
3487,0.11592778
3488,0.1677479
3489,0.09216924
3490,0.23828565
3491,0.4891693
3492,0.11041531
3493,0.04439974
3494,0.083208986
3495,0.3124881
3496,0.20992202
3497,0.114493825
3498,0.50012213
3499,0.43287253
3500,0.1299233
3501,0.21629488
3502,0.111844264
3503,0.28769183
3504,0.28901333
3505,0.18903536
3506,0.10601781
3507,0.141257
3508,0.19005929
3509,0.30276233
3510,0.29732004
3511,0.16549216
3512,0.09565565
3513,0.05135954
3514,0.26404426
3515,0.11416163
3516,0.06391633
3517,0.10774324
3518,0.09011297
3519,0.14810534
3520,0.08696863
3521,0.42892456
3522,0.573888
3523,0.34780616
3524,0.16340004
3525,0.17669937
3526,0.42790315
3527,0.116575085
3528,0.15015315
3529,0.08310092
3530,0.38415745
3531,0.15720917
3532,0.08845157
3533,0.12558568
3534,0.2890791
3535,0.10730844
3536,0.2787935
3537,0.061949458
3538,0.08428455
3539,0.11598707
3540,0.16038413
3541,0.06154447
3542,0.1703071
3543,0.2853564
3544,0.06385596
3545,0.19168511
3546,0.09837641
3547,0.08580716
3548,0.10705823
3549,0.45182994
3550,0.06271911
3551,0.3394565
3552,0.17345978
3553,0.099527955
3554,0.23897801
3555,0.069533326
3556,0.1165361
3557,0.13969599
3558,0.08910458
3559,0.40110028
3560,0.10738454
3561,0.071737684
3562,0.064075954
3563,0.16337053
3564,0.08981954
3565,0.11206813
3566,0.107222795
3567,0.13678883
3568,0.18887436
3569,0.2029179
3570,0.35946864
3571,0.118582934
3572,0.13640988
3573,0.26681638
3574,0.20373833
3575,0.06655346
3576,0.15066683
3577,0.110336535
3578,0.12676056
3579,0.10083501
3580,0.12384154
3581,0.10584693
3582,0.38633096
3583,0.1292437
3584,0.2350813
3585,0.101393014
3586,0.10798848
3587,0.13405421
3588,0.06363045
3589,0.1142698
3590,0.15415101
3591,0.05270464
3592,0.21254067
3593,0.3502401
3594,0.16560763
3595,0.08918321
3596,0.11701487
3597,0.08498408
3598,0.35566926
3599,0.06796748
3600,0.11280826
3601,0.26585978
3602,0.108495876
3603,0.10881032
3604,0.13382956
3605,0.3426714
3606,0.17848817
3607,0.07956284
3608,0.07304574
3609,0.14518026
3610,0.20832664
3611,0.104502104
3612,0.105333626
3613,0.08899581
3614,0.07301589
3615,0.1711936
3616,0.28933823
3617,0.20244253
3618,0.14046073
3619,0.22840063
3620,0.13415667
3621,0.11038113
3622,0.124849945
3623,0.48734614
3624,0.11287966
3625,0.24714968
3626,0.6385651
3627,0.096388794
3628,0.50485986
3629,0.1330167
3630,0.13853242
3631,0.532344
3632,0.10006478
3633,0.05993602
3634,0.10456277
3635,0.17436954
3636,0.15979512
3637,0.11279702
3638,0.08073515
3639,0.11792562
3640,0.107461914
3641,0.12064118
3642,0.30584288
3643,0.108102314
3644,0.10752551
3645,0.15012816
3646,0.10609594
3647,0.08637594
3648,0.08976051
3649,0.10915731
3650,0.107141756
3651,0.11270494
3652,0.09522249
3653,0.16009374
3654,0.27379686
3655,0.14223276
3656,0.11002222
3657,0.17408551
3658,0.08584103
3659,0.118338645
3660,0.15515538
3661,0.09433137
3662,0.17725237
3663,0.082146205
3664,0.035845846
3665,0.15865262
3666,0.1529115
3667,0.15884215
3668,0.048776675
3669,0.09896401
3670,0.06723588
3671,0.23179364
3672,0.14942446
3673,0.15023705
3674,0.33322316
3675,0.48598126
3676,0.42204446
3677,0.15764804
3678,0.17468686
3679,0.38929334
3680,0.17182437
3681,0.111079685
3682,0.27669847
3683,0.18176578
3684,0.07526656
3685,0.15126236
3686,0.082809396
3687,0.1332805
3688,0.1306629
3689,0.08838052
3690,0.105445385
3691,0.109367386
3692,0.11595199
3693,0.18853804
3694,0.10309359
3695,0.21556629
3696,0.12425435
3697,0.3565147
3698,0.16758363
3699,0.10500191
3700,0.044623323
3701,0.1935537
3702,0.11657012
3703,0.06532314
3704,0.17630063
3705,0.0944085
3706,0.22104187
3707,0.114816725
3708,0.102438964
3709,0.08622234
3710,0.1782106
3711,0.2294829
3712,0.30058858
3713,0.12080963
3714,0.23540398
3715,0.29510596
3716,0.23557736
3717,0.23593795
3718,0.10906705
3719,0.28015125
3720,0.36978352
3721,0.1420616
3722,0.15520816
3723,0.05684774
3724,0.10397258
3725,0.15741715
3726,0.35853314
3727,0.095413506
3728,0.14120556
3729,0.12542889
3730,0.13292612
3731,0.07987669
3732,0.09406206
3733,0.09170496
3734,0.08637441
3735,0.109016955
3736,0.17782588
3737,0.3557683
3738,0.107871644
3739,0.34059134
3740,0.31671005
3741,0.12366464
3742,0.07429139
3743,0.24927777
3744,0.19125822
3745,0.17398466
3746,0.13189775
3747,0.3850733
3748,0.18348579
3749,0.19775558
3750,0.20402068
3751,0.18595356
3752,0.13989604
3753,0.24534458
3754,0.14813772
3755,0.08752325
3756,0.16301316
3757,0.055494882
3758,0.27018622
3759,0.07731311
3760,0.5114508
3761,0.11265012
3762,0.4029945
3763,0.48394623
3764,0.16076468
3765,0.17099358
3766,0.15501226
3767,0.17606358
3768,0.15606256
3769,0.07482418
3770,0.09031446
3771,0.21369262
3772,0.3455068
3773,0.088538334
3774,0.19552003
3775,0.11216862
3776,0.099227145
3777,0.05024797
3778,0.50328094
3779,0.51499945
3780,0.06005304
3781,0.5443426
3782,0.41082686
3783,0.5881298
3784,0.14924254
3785,0.07278079
3786,0.30145591
3787,0.27996746
3788,0.10206961
3789,0.18244526
3790,0.104926355
3791,0.15655012
3792,0.115725994
3793,0.051796682
3794,0.19593547
3795,0.085991345
3796,0.12151173
3797,0.047221407
3798,0.21099828
3799,0.16631287
3800,0.3206625
3801,0.33663112
3802,0.22286528
3803,0.0783932
3804,0.16874176
3805,0.11422723
3806,0.5483665
3807,0.087990366
3808,0.6583352
3809,0.0834487
3810,0.10362658
3811,0.15488072
3812,0.1368559
3813,0.20559335
3814,0.0740772
3815,0.099147
3816,0.69531083
3817,0.13389698
3818,0.2451117
3819,0.083802335
3820,0.16050385
3821,0.08866873
3822,0.09232784
3823,0.23979476
3824,0.37208834
3825,0.2303711
3826,0.22516358
3827,0.20473634
3828,0.3805324
3829,0.56128633
3830,0.13046522
3831,0.10573264
3832,0.033702366
3833,0.31570667
3834,0.2839305
3835,0.18599436
3836,0.04558114
3837,0.14080012
3838,0.2077212
3839,0.13316742
3840,0.12474078
3841,0.14393552
3842,0.14740843
3843,0.10806768
3844,0.05767558
3845,0.1348002
3846,0.15576358
3847,0.07555974
3848,0.14037693
3849,0.16134316
3850,0.31686312
3851,0.044775244
3852,0.12630677
3853,0.07476175
3854,0.20181927
3855,0.14830129
3856,0.20158584
3857,0.11081518
3858,0.16648169
3859,0.29152575
3860,0.13434191
3861,0.15042904
3862,0.20305409
3863,0.13370617
3864,0.27322832
3865,0.18754953
3866,0.10894358
3867,0.13617375
3868,0.09686248
3869,0.09042204
3870,0.1245198
3871,0.10273016
3872,0.07877024
3873,0.2308108
3874,0.14806236
3875,0.26379788
3876,0.07047012
3877,0.28488424
3878,0.10121168
3879,0.14505233
3880,0.09552479
3881,0.11544713
3882,0.5082727
3883,0.2559472
3884,0.15616418
3885,0.1006019
3886,0.09996884
3887,0.11040707
3888,0.2652796
3889,0.12930447
3890,0.17228766
3891,0.05351158
3892,0.15504323
3893,0.2612755
3894,0.1523008
3895,0.11209978
3896,0.10531325
3897,0.13848901
3898,0.09936865
3899,0.14057615
3900,0.22318117
3901,0.061711695
3902,0.12619254
3903,0.26245
3904,0.0791041
3905,0.08152627
3906,0.060129065
3907,0.13122597
3908,0.10610614
3909,0.1139415
3910,0.40416697
3911,0.13375871
3912,0.100699276
3913,0.1905831
3914,0.10622673
3915,0.1530732
3916,0.16685541
3917,0.17964043
3918,0.17859259
3919,0.18942243
3920,0.060742337
3921,0.4676325
3922,0.094770886
3923,0.26159984
3924,0.16247495
3925,0.10661159
3926,0.1088715
3927,0.078504406
3928,0.26244587
3929,0.3706784
3930,0.05979526
3931,0.21735564
3932,0.20675169
3933,0.13682736
3934,0.07572985
3935,0.42326573
3936,0.14958642
3937,0.07735505
3938,0.11371875
3939,0.10066629
3940,0.06813324
3941,0.08278094
3942,0.04576633
3943,0.13430433
3944,0.1212724
3945,0.3770953
3946,0.13959558
3947,0.60733485
3948,0.112982854
3949,0.15546015
3950,0.087584145
3951,0.13836488
3952,0.0741785
3953,0.043719407
3954,0.12987013
3955,0.13632914
3956,0.12592074
3957,0.19022991
3958,0.14257853
3959,0.2787303
3960,0.14449723
3961,0.21254739
3962,0.10606808
3963,0.12767516
3964,0.4464618
3965,0.09355273
3966,0.07455469
3967,0.17639676
3968,0.22621374
3969,0.21610971
3970,0.15010573
3971,0.07158559
3972,0.13698427
3973,0.064644694
3974,0.10114668
3975,0.42639232
3976,0.07211737
3977,0.35323036
3978,0.07653562
3979,0.15934826
3980,0.19559333
3981,0.24429803
3982,0.20281683
3983,0.09168776
3984,0.108577825
3985,0.38645625
3986,0.11803304
3987,0.19342618
3988,0.5755408
3989,0.4230446
3990,0.2850135
3991,0.10095943
3992,0.11022814
3993,0.12612998
3994,0.1182707
3995,0.12146745
3996,0.0593709
3997,0.28007045
3998,0.0990573
3999,0.4656358
4000,0.15017563
4001,0.11440926
4002,0.113704205
4003,0.16535299
4004,0.1382339
4005,0.079851896
4006,0.08597138
4007,0.53374535
4008,0.068946905
4009,0.3769096
4010,0.119899824
4011,0.18486482
4012,0.25079766
4013,0.13476433
4014,0.21537845
4015,0.21983919
4016,0.083662085
4017,0.35759306
4018,0.051472276
4019,0.22696799
4020,0.08234778
4021,0.07550092
4022,0.16119885
4023,0.052561745
4024,0.15706104
4025,0.11815463
4026,0.091075525
4027,0.10546282
4028,0.0647571
4029,0.24084806
4030,0.061721068
4031,0.4077427
4032,0.074117154
4033,0.21083929
4034,0.17513841
4035,0.33135593
4036,0.42027557
4037,0.2220451
4038,0.18688436
4039,0.12322743
4040,0.120732054
4041,0.21157666
4042,0.100063294
4043,0.13743207
4044,0.15722798
4045,0.27241495
4046,0.033031393
4047,0.098891094
4048,0.117247574
4049,0.12637682
4050,0.1432746
4051,0.35311285
4052,0.12970974
4053,0.046753917
4054,0.3249266
4055,0.06894756
4056,0.09039855
4057,0.08879882
4058,0.10853085
4059,0.15478745
4060,0.24959274
4061,0.4053957
4062,0.15473433
4063,0.07889126
4064,0.0850254
4065,0.09024164
4066,0.22911537
4067,0.078233875
4068,0.14537196
4069,0.20007762
4070,0.0454345
4071,0.40210336
4072,0.23015165
4073,0.10269057
4074,0.30873743
4075,0.11196725
4076,0.054757535
4077,0.085415944
4078,0.08474653
4079,0.33660528
4080,0.11766259
4081,0.13233832
4082,0.5954448
4083,0.10382114
4084,0.09826983
4085,0.0514052
4086,0.56455696
4087,0.08495529
4088,0.19979563
4089,0.41885382
4090,0.16788067
4091,0.26560757
4092,0.13865733
4093,0.15100625
4094,0.47806394
4095,0.10380389
4096,0.0515071
4097,0.47508526
4098,0.13991928
4099,0.14374779
4100,0.123572126
4101,0.35087195
4102,0.05471235
4103,0.34007233
4104,0.07269358
4105,0.189127
4106,0.07403222
4107,0.05530081
4108,0.11669604
4109,0.11443169
4110,0.15528871
4111,0.102597654
4112,0.23719323
4113,0.0660923
4114,0.52389294
4115,0.15390101
4116,0.66695726
4117,0.17479311
4118,0.049252413
4119,0.25630248
4120,0.13961971
4121,0.109081306
4122,0.31335518
4123,0.1214248
4124,0.30847704
4125,0.11321514
4126,0.18627205
4127,0.08902562
4128,0.13147987
4129,0.109437265
4130,0.104138896
4131,0.09512016
4132,0.048278086
4133,0.09200234
4134,0.109350994
4135,0.32447627
4136,0.091686234
4137,0.066325516
4138,0.08441745
4139,0.14103855
4140,0.104269154
4141,0.18690073
4142,0.06158369
4143,0.123660676
4144,0.09260328
4145,0.11804804
4146,0.07143473
4147,0.10121915
4148,0.09061272
4149,0.22786593
4150,0.13059649
4151,0.08741519
4152,0.18691656
4153,0.32044122
4154,0.3579578
4155,0.24501228
4156,0.63261986
4157,0.21697755
4158,0.20112357
4159,0.31237435
4160,0.05268117
4161,0.07633591
4162,0.10268099
4163,0.07474869
4164,0.09387369
4165,0.14736326
